-- MySQL dump 10.11
--
-- Host: localhost    Database: scorius
-- ------------------------------------------------------
-- Server version	5.0.32-Debian_7etch1-log
/*!40103 SET @OLD_TIME_ZONE=@@TIME_ZONE */;
/*!40103 SET TIME_ZONE='+00:00' */;
/*!40014 SET @OLD_UNIQUE_CHECKS=@@UNIQUE_CHECKS, UNIQUE_CHECKS=0 */;
/*!40014 SET @OLD_FOREIGN_KEY_CHECKS=@@FOREIGN_KEY_CHECKS, FOREIGN_KEY_CHECKS=0 */;
/*!40101 SET @OLD_SQL_MODE=@@SQL_MODE, SQL_MODE='NO_AUTO_VALUE_ON_ZERO,ANSI' */;
/*!40111 SET @OLD_SQL_NOTES=@@SQL_NOTES, SQL_NOTES=0 */;

--
-- Table structure for table "courses"
--

DROP TABLE IF EXISTS "courses";
CREATE TABLE "courses" (
  "course_id" int(11) NOT NULL auto_increment,
  "name" varchar(128) default NULL,
  "location" varchar(128) default NULL,
  PRIMARY KEY  ("course_id")
);

--
-- Dumping data for table "courses"
--

LOCK TABLES "courses" WRITE;
/*!40000 ALTER TABLE "courses" DISABLE KEYS */;
INSERT INTO "courses" ("course_id", "name", "location") VALUES (1,'Evergreen','Santa Barbara'),(2,'Rooster West','Portland'),(3,'Benson','Portland'),(4,'Rooster East','Portland'),(5,'rockwood','Gresham'),(6,'dabney','portland'),(7,'Dabney state park','Portland'),(8,'Golden Gate Park','San Francisco'),(9,'Newberg','Newberg, OR'),(10,'Pier Park','Portland'),(11,'Mt.  Hood Skibowl','Government camp, OR'),(12,'Lunchtime','Portland, OR');
/*!40000 ALTER TABLE "courses" ENABLE KEYS */;
UNLOCK TABLES;

--
-- Table structure for table "game_players"
--

DROP TABLE IF EXISTS "game_players";
CREATE TABLE "game_players" (
  "game_player_id" int(11) NOT NULL auto_increment,
  "player_id" int(11) default NULL,
  "game_id" int(11) default NULL,
  PRIMARY KEY  ("game_player_id")
);

--
-- Dumping data for table "game_players"
--

LOCK TABLES "game_players" WRITE;
/*!40000 ALTER TABLE "game_players" DISABLE KEYS */;
INSERT INTO "game_players" ("game_player_id", "player_id", "game_id") VALUES (1,2,1),(2,1,1),(3,3,2),(4,4,2),(5,3,3),(6,4,3),(7,3,4),(8,4,4),(9,3,5),(10,3,6),(11,5,7),(12,1,7),(13,5,8),(14,1,8),(15,5,8),(16,2,8),(17,3,9),(18,4,9),(19,3,10),(57,3,30),(21,3,12),(22,3,13),(56,3,29),(24,3,15),(25,3,16),(64,6,32),(63,3,32),(62,8,31),(61,6,31),(60,3,31),(31,1,19),(32,2,19),(33,6,19),(59,2,31),(58,1,31),(36,3,21),(37,3,22),(38,3,23),(70,11,33),(69,3,33),(68,2,33),(67,1,33),(66,10,32),(65,8,32),(45,2,25),(46,6,25),(47,8,25),(48,9,25),(49,10,25),(50,1,26),(51,2,26),(52,6,26),(53,9,26),(54,3,27),(55,3,28),(71,12,33),(72,2,34),(73,3,35),(74,4,35),(75,3,36),(76,3,37),(77,3,38),(78,3,39),(79,1,40),(80,2,40),(81,2,41),(82,3,41),(83,4,41),(84,2,42),(85,3,42),(86,4,42),(87,2,43),(88,3,43),(89,2,44),(90,3,44),(91,2,45),(92,3,45),(93,2,46),(94,3,46),(95,2,47),(96,3,47),(97,2,48),(98,3,48),(99,2,49),(100,3,49),(101,2,50),(102,2,51),(103,3,51),(104,2,52),(105,3,52),(106,3,53),(107,4,53),(108,2,54),(109,3,54),(110,1,55),(111,2,55),(112,3,55),(113,1,56),(114,2,56),(115,3,56),(116,1,57),(117,2,57),(118,3,57),(119,1,58),(120,2,58),(121,3,58),(122,1,59),(123,2,59),(124,3,59),(125,2,60),(126,3,60),(127,2,61),(128,3,61),(129,2,62),(130,3,62),(131,1,63),(132,2,63),(133,3,63),(134,4,63),(135,1,64),(136,3,64),(137,1,65),(138,2,65),(139,8,65),(140,12,65),(141,2,66),(142,12,66),(143,2,67),(144,3,67),(145,2,68),(146,3,68),(147,2,69),(148,3,69),(149,2,70),(150,3,70),(151,2,71),(152,3,71),(153,3,72),(154,2,73),(155,3,73),(156,2,74),(157,3,74),(158,2,75),(159,3,75),(160,2,76),(161,3,76),(162,2,77),(163,3,77),(164,2,78),(165,13,78),(166,2,79),(167,3,79),(168,2,80),(169,3,80),(170,2,81),(171,3,81),(172,2,82),(173,3,82),(174,8,82),(175,2,83),(176,3,83),(177,2,84),(178,3,84),(179,13,84),(180,2,85),(181,3,85),(182,2,86),(183,3,86),(184,2,87),(185,3,87),(186,2,88),(187,3,88),(188,2,89),(189,3,89),(190,1,90),(191,2,90),(192,3,90),(193,2,91),(194,3,91),(195,2,92),(196,3,92),(197,1,93),(198,2,93),(199,3,93),(200,1,94),(201,2,94),(202,3,94),(203,2,95),(204,3,95),(205,2,96),(206,3,96),(207,14,96),(208,1,97),(209,2,97);
/*!40000 ALTER TABLE "game_players" ENABLE KEYS */;
UNLOCK TABLES;

--
-- Table structure for table "games"
--

DROP TABLE IF EXISTS "games";
CREATE TABLE "games" (
  "game_id" int(11) NOT NULL auto_increment,
  "course_id" int(11) default NULL,
  "date" varchar(128) default NULL,
  "timestamp" varchar(50) default NULL,
  "description" varchar(3000) default NULL,
  PRIMARY KEY  ("game_id")
);

--
-- Dumping data for table "games"
--

LOCK TABLES "games" WRITE;
/*!40000 ALTER TABLE "games" DISABLE KEYS */;
INSERT INTO "games" ("game_id", "course_id", "date", "timestamp", "description") VALUES (1,1,'2008.02.22','1203731551',NULL),(2,3,'2008.02.22','1203731739',NULL),(3,3,'2008.02.22','1203731801',NULL),(4,2,'2008.02.22','1203732010',NULL),(5,2,'2008.02.22','1203732147',NULL),(6,2,'2008.02.22','1203732175',NULL),(7,1,'2008.02.23','1203802680',NULL),(8,1,'2008.02.23','1203802713',NULL),(9,5,'2008.02.24','1203891411',NULL),(10,2,'2008.02.25','1203982151',NULL),(12,2,'2008.02.25','1203984935',NULL),(13,2,'2008.02.25','1203986104',NULL),(29,2,'2008.03.20','1206058616','little bit of wind on 5 and 6'),(15,7,'2008.02.26','1204070061',NULL),(16,2,'2008.02.27','1204162481',NULL),(30,2,'2008.03.20','1206060152','screwed the pooch in the trees on 8'),(19,1,'2008.03.01','1204398657',NULL),(21,2,'2008.03.03','1204589615',NULL),(22,2,'2008.03.06','1204852183',NULL),(23,2,'2008.03.06','1204853360',NULL),(25,1,'2008.03.09','1205087961',NULL),(26,1,'2008.03.16','1205692016',NULL),(27,2,'2008.03.17','1205791405',NULL),(28,2,'2008.03.17','1205792926',NULL),(31,1,'2008.03.21','1206151160',''),(32,1,'2008.03.22','1206208102',''),(33,1,'2008.03.23','1206316801','did not play15 & 16'),(34,8,'2008.03.29','1206837939','Geourgeous spring day.'),(35,2,'2008.04.01','1207098986','nice day'),(36,2,'2008.04.08','1207695533','raining hard'),(37,2,'2008.04.10','1207869387',''),(38,2,'2008.04.16','1208389563',''),(39,2,'2008.04.16','1208390914','shpulda had a birdie on 6'),(40,1,'2008.04.18','1208560039','A virtual roller coaster ride!'),(41,3,'2008.04.20','1208724216',''),(42,3,'2008.04.20','1208727991',''),(43,4,'2008.04.21','1208823090',''),(44,4,'2008.04.23','1208994690','gr8 chad'),(45,2,'2008.04.23','1208999495','chad wins'),(46,7,'2008.04.27','1209341203',':\\'),(47,2,'2008.04.29','1209517348','horrible game'),(48,2,'2008.04.29','1209519208','trading shit scores'),(49,2,'2008.05.08','1210288444','come on'),(50,2,'2008.05.14','1210814479','more like it'),(51,7,'2008.05.20','1211331513',''),(52,2,'2008.05.23','1211583042','Hole 6 was flooded!'),(53,2,'2008.06.01','1212351623',''),(54,4,'2008.06.03','1212537661','no lost discs!'),(55,4,'2008.06.15','1213562586',''),(56,2,'2008.06.15','1213566403','Gustav\'s on mark and chad.'),(57,7,'2008.06.16','1213662457','chad wins 2 discs'),(58,9,'2008.06.17','1213754117',''),(59,7,'2008.06.18','1213817969',''),(60,5,'2008.06.26','1214510994',''),(61,2,'2008.07.01','1214958662',''),(62,4,'2008.07.16','1216253087','Nice and warm today. Bring bug repellent.'),(63,1,'2008.07.22','1216758878',''),(64,1,'2008.07.24','1216949100',''),(65,1,'2008.07.25','1217027600','Matt\'s good.'),(66,2,'2008.07.28','1217301585','Nice'),(67,2,'2008.08.06','1218069475','Hole 9 downgraded.'),(68,2,'2008.08.06','1218072409','Good for 1 dinner.'),(69,10,'2008.08.08','1218250213','played 9 holes till it was dark. '),(70,2,'2008.08.12','1218590209',''),(71,10,'2008.08.20','1219263046',''),(72,1,'2008.09.13','1221326587','lost wraith on 15. Quit on 16. '),(73,10,'2008.09.15','1221520977','Chad had a cold.'),(74,11,'2008.09.23','1222216889','first time playing. Had to climb the mountain to do it. '),(75,2,'2008.10.01','1222904140',''),(76,2,'2008.10.14','1224029299',''),(77,10,'2008.10.16','1224199985','fake scores. Missed 13. '),(78,2,'2008.10.19','1224449447','dan\'s first '),(79,10,'2008.10.22','1224702445','played doubles after 13'),(80,10,'2008.10.27','1225146691','burrito for chad'),(81,12,'2008.10.30','1225398708',NULL),(82,10,'2008.11.02','1225642545','Resurfacing'),(83,7,'2008.11.14','1226701857',''),(84,2,'2008.12.06','1228596720','Strong enders'),(85,10,'2009.03.21','1237658178','First full game in a while'),(86,2,'2009.04.04','1238868320','Chad left to feed Ellie after I waded into the cold water.'),(87,3,'2009.04.04','1238872102',''),(88,2,'2009.04.10','1239404979','Ellie barely made it!'),(89,10,'2009.04.18','1240099805','With andrea'),(90,7,'2009.05.24','1243202179','Fun'),(91,7,'2009.06.18','1245344881',NULL),(92,10,'2009.06.18','1245370822',''),(93,7,'2009.08.29','1251588004','Sock and shirt humiliation bet.'),(94,2,'2009.09.07','1252358528','For dessert'),(95,12,'2009.10.04','1254686656',''),(96,10,'2009.12.05','1260057708',''),(97,8,'2009.12.20','1261343513',NULL);
/*!40000 ALTER TABLE "games" ENABLE KEYS */;
UNLOCK TABLES;

--
-- Table structure for table "holes"
--

DROP TABLE IF EXISTS "holes";
CREATE TABLE "holes" (
  "hole_id" int(11) NOT NULL auto_increment,
  "number" int(11) default NULL,
  "par" int(11) default NULL,
  "course_id" int(11) default NULL,
  PRIMARY KEY  ("hole_id")
);

--
-- Dumping data for table "holes"
--

LOCK TABLES "holes" WRITE;
/*!40000 ALTER TABLE "holes" DISABLE KEYS */;
INSERT INTO "holes" ("hole_id", "number", "par", "course_id") VALUES (1,1,3,1),(2,2,3,1),(3,3,3,1),(4,4,3,1),(5,5,3,1),(6,6,3,1),(7,7,3,1),(8,8,3,1),(9,9,3,1),(10,10,3,1),(11,11,3,1),(12,12,3,1),(13,13,3,1),(14,14,3,1),(15,15,3,1),(16,16,3,1),(17,17,3,1),(18,18,3,1),(19,1,3,2),(20,2,3,2),(21,3,3,2),(22,4,3,2),(23,5,3,2),(24,6,3,2),(25,7,3,2),(26,8,3,2),(27,9,3,2),(28,1,3,3),(29,2,3,3),(30,3,3,3),(31,4,3,3),(32,5,3,3),(33,6,3,3),(34,7,3,3),(35,8,3,3),(36,9,3,3),(37,1,3,4),(38,2,3,4),(39,3,3,4),(40,4,3,4),(41,5,3,4),(42,6,3,4),(43,7,3,4),(44,8,3,4),(45,9,3,4),(46,1,3,5),(47,2,3,5),(48,3,3,5),(49,4,3,5),(50,5,3,5),(51,6,3,5),(52,7,3,5),(53,8,3,5),(54,9,3,5),(55,1,3,7),(56,2,3,7),(57,3,3,7),(58,4,3,7),(59,5,3,7),(60,6,3,7),(61,7,3,7),(62,8,3,7),(63,9,3,7),(64,10,3,7),(65,11,3,7),(66,12,3,7),(67,13,3,7),(68,14,3,7),(69,15,3,7),(70,16,3,7),(71,17,3,7),(72,18,3,7),(73,1,3,8),(74,2,3,8),(75,3,3,8),(76,4,3,8),(77,5,3,8),(78,6,3,8),(79,7,3,8),(80,8,3,8),(81,9,3,8),(82,10,3,8),(83,11,3,8),(84,12,3,8),(85,13,3,8),(86,14,3,8),(87,15,3,8),(88,16,3,8),(89,17,3,8),(90,18,3,8),(91,1,3,9),(92,2,3,9),(93,3,3,9),(94,4,3,9),(95,5,3,9),(96,6,3,9),(97,7,3,9),(98,8,3,9),(99,9,3,9),(100,1,3,10),(101,2,3,10),(102,3,3,10),(103,4,3,10),(104,5,3,10),(105,6,3,10),(106,7,3,10),(107,8,3,10),(108,9,3,10),(109,10,3,10),(110,11,3,10),(111,12,3,10),(112,13,3,10),(113,14,3,10),(114,15,3,10),(115,16,3,10),(116,17,3,10),(117,18,3,10),(118,1,3,11),(119,2,3,11),(120,3,3,11),(121,4,3,11),(122,5,3,11),(123,6,3,11),(124,7,3,11),(125,8,3,11),(126,9,3,11),(127,10,3,11),(128,11,3,11),(129,12,3,11),(130,13,3,11),(131,14,3,11),(132,15,3,11),(133,16,3,11),(134,17,3,11),(135,18,3,11),(136,1,3,12),(137,2,3,12),(138,3,3,12),(139,4,3,12),(140,5,3,12),(141,6,3,12),(142,7,3,12),(143,8,3,12),(144,9,3,12),(145,10,3,12),(146,11,3,12),(147,12,3,12),(148,13,3,12),(149,14,3,12),(150,15,3,12),(151,16,3,12),(152,17,3,12),(153,18,3,12);
/*!40000 ALTER TABLE "holes" ENABLE KEYS */;
UNLOCK TABLES;

--
-- Table structure for table "scores"
--

DROP TABLE IF EXISTS "scores";
CREATE TABLE "scores" (
  "score_id" int(11) NOT NULL auto_increment,
  "hole_id" int(11) default NULL,
  "game_id" int(11) default NULL,
  "player_id" int(11) default NULL,
  "score" int(11) default NULL,
  PRIMARY KEY  ("score_id")
);

--
-- Dumping data for table "scores"
--

LOCK TABLES "scores" WRITE;
/*!40000 ALTER TABLE "scores" DISABLE KEYS */;
INSERT INTO "scores" ("score_id", "hole_id", "game_id", "player_id", "score") VALUES (1,1,1,1,6),(2,2,1,1,4),(3,3,1,1,2),(4,4,1,1,3),(5,5,1,1,3),(6,6,1,1,3),(7,7,1,1,3),(8,8,1,1,2),(9,9,1,1,3),(10,10,1,1,3),(11,11,1,1,3),(12,12,1,1,3),(13,13,1,1,3),(14,14,1,1,3),(15,15,1,1,3),(16,16,1,1,3),(17,17,1,1,4),(18,18,1,1,4),(19,1,1,2,3),(20,2,1,2,3),(21,3,1,2,3),(22,4,1,2,3),(23,5,1,2,3),(24,6,1,2,3),(25,7,1,2,4),(26,8,1,2,3),(27,9,1,2,2),(28,10,1,2,3),(29,11,1,2,3),(30,12,1,2,2),(31,13,1,2,2),(32,14,1,2,4),(33,15,1,2,4),(34,16,1,2,2),(35,17,1,2,3),(36,18,1,2,3),(37,28,2,3,4),(38,29,2,3,3),(39,30,2,3,3),(40,31,2,3,2),(41,32,2,3,3),(42,33,2,3,3),(43,34,2,3,2),(44,35,2,3,3),(45,36,2,3,3),(46,28,2,4,4),(47,29,2,4,4),(48,30,2,4,3),(49,31,2,4,4),(50,32,2,4,3),(51,33,2,4,3),(52,34,2,4,4),(53,35,2,4,4),(54,36,2,4,4),(55,28,3,3,3),(56,29,3,3,3),(57,30,3,3,3),(58,31,3,3,2),(59,32,3,3,3),(60,33,3,3,3),(61,34,3,3,2),(62,35,3,3,3),(63,36,3,3,3),(64,28,3,4,7),(65,29,3,4,5),(66,30,3,4,4),(67,31,3,4,3),(68,32,3,4,5),(69,33,3,4,4),(70,34,3,4,3),(71,35,3,4,4),(72,36,3,4,4),(73,19,4,3,4),(74,20,4,3,4),(75,21,4,3,3),(76,22,4,3,3),(77,23,4,3,4),(78,24,4,3,3),(79,25,4,3,4),(80,26,4,3,3),(81,27,4,3,3),(82,19,4,4,7),(83,20,4,4,6),(84,21,4,4,4),(85,22,4,4,5),(86,23,4,4,5),(87,24,4,4,4),(88,25,4,4,5),(89,26,4,4,6),(90,27,4,4,5),(91,19,5,3,4),(92,20,5,3,4),(93,21,5,3,5),(94,22,5,3,3),(95,23,5,3,4),(96,24,5,3,3),(97,25,5,3,3),(98,26,5,3,4),(99,27,5,3,4),(100,19,6,3,4),(101,20,6,3,4),(102,21,6,3,6),(103,22,6,3,4),(104,23,6,3,4),(105,24,6,3,3),(106,25,6,3,2),(107,26,6,3,4),(108,27,6,3,3),(109,1,8,1,3),(110,2,8,1,4),(111,3,8,1,3),(112,4,8,1,0),(113,5,8,1,0),(114,6,8,1,0),(115,7,8,1,0),(116,8,8,1,0),(117,9,8,1,0),(118,10,8,1,0),(119,11,8,1,0),(120,12,8,1,0),(121,13,8,1,0),(122,14,8,1,0),(123,15,8,1,0),(124,16,8,1,0),(125,17,8,1,0),(126,18,8,1,0),(127,1,8,2,5),(128,2,8,2,4),(129,3,8,2,4),(130,4,8,2,0),(131,5,8,2,0),(132,6,8,2,0),(133,7,8,2,0),(134,8,8,2,0),(135,9,8,2,0),(136,10,8,2,0),(137,11,8,2,0),(138,12,8,2,0),(139,13,8,2,0),(140,14,8,2,0),(141,15,8,2,0),(142,16,8,2,0),(143,17,8,2,0),(144,18,8,2,0),(145,1,8,5,8),(146,2,8,5,5),(147,3,8,5,6),(148,4,8,5,0),(149,5,8,5,0),(150,6,8,5,0),(151,7,8,5,0),(152,8,8,5,0),(153,9,8,5,0),(154,10,8,5,0),(155,11,8,5,0),(156,12,8,5,0),(157,13,8,5,0),(158,14,8,5,0),(159,15,8,5,0),(160,16,8,5,0),(161,17,8,5,0),(162,18,8,5,0),(163,46,9,3,3),(164,47,9,3,4),(165,48,9,3,3),(166,49,9,3,3),(167,50,9,3,4),(168,51,9,3,3),(169,52,9,3,2),(170,53,9,3,4),(171,54,9,3,3),(172,46,9,4,5),(173,47,9,4,5),(174,48,9,4,7),(175,49,9,4,5),(176,50,9,4,4),(177,51,9,4,6),(178,52,9,4,5),(179,53,9,4,5),(180,54,9,4,5),(181,19,10,3,4),(182,20,10,3,3),(183,21,10,3,3),(184,22,10,3,6),(185,23,10,3,4),(186,24,10,3,3),(187,25,10,3,3),(188,26,10,3,3),(189,27,10,3,4),(190,19,12,3,4),(191,20,12,3,3),(192,21,12,3,3),(193,22,12,3,4),(194,23,12,3,3),(195,24,12,3,3),(196,25,12,3,3),(197,26,12,3,4),(198,27,12,3,3),(199,19,13,3,4),(200,20,13,3,3),(201,21,13,3,3),(202,22,13,3,4),(203,23,13,3,3),(204,24,13,3,2),(205,25,13,3,3),(206,26,13,3,3),(207,27,13,3,3),(243,72,15,3,4),(242,71,15,3,4),(241,70,15,3,4),(240,69,15,3,5),(239,68,15,3,3),(238,67,15,3,3),(237,66,15,3,3),(236,65,15,3,4),(235,64,15,3,3),(234,63,15,3,3),(233,62,15,3,4),(232,61,15,3,4),(231,60,15,3,3),(230,59,15,3,3),(229,58,15,3,4),(228,57,15,3,5),(227,56,15,3,4),(226,55,15,3,4),(244,19,16,3,5),(245,20,16,3,4),(246,21,16,3,3),(247,22,16,3,4),(248,23,16,3,3),(249,24,16,3,3),(250,25,16,3,3),(251,26,16,3,4),(252,27,16,3,4),(11490,6,31,6,4),(11489,5,31,6,3),(11488,4,31,6,4),(11487,3,31,6,4),(11486,2,31,6,3),(11485,1,31,6,4),(11484,18,31,3,0),(11483,17,31,3,0),(11482,16,31,3,0),(11481,15,31,3,0),(11480,14,31,3,0),(11479,13,31,3,0),(11478,12,31,3,4),(11477,11,31,3,4),(11476,10,31,3,2),(11475,9,31,3,3),(11474,8,31,3,4),(11473,7,31,3,3),(11472,6,31,3,2),(11471,5,31,3,2),(11470,4,31,3,4),(9615,27,30,3,3),(9614,26,30,3,5),(9613,25,30,3,3),(9612,24,30,3,4),(9611,23,30,3,3),(9610,22,30,3,3),(9609,21,30,3,3),(9608,20,30,3,3),(9607,19,30,3,5),(9561,27,29,3,4),(9560,26,29,3,3),(9559,25,29,3,3),(9558,24,29,3,3),(9557,23,29,3,3),(9556,22,29,3,4),(9555,21,29,3,3),(9554,20,29,3,4),(9553,19,29,3,5),(2277,18,19,6,3),(2276,17,19,6,4),(2275,16,19,6,3),(2274,15,19,6,2),(2273,14,19,6,4),(2272,13,19,6,3),(2271,12,19,6,3),(2270,11,19,6,4),(2269,10,19,6,3),(2268,9,19,6,2),(2267,8,19,6,3),(2266,7,19,6,4),(2265,6,19,6,3),(2264,5,19,6,3),(2263,4,19,6,4),(2262,3,19,6,4),(2261,2,19,6,3),(2260,1,19,6,4),(2259,18,19,2,3),(2258,17,19,2,2),(2257,16,19,2,3),(2256,15,19,2,4),(2255,14,19,2,4),(2254,13,19,2,4),(2253,12,19,2,2),(2252,11,19,2,4),(2251,10,19,2,2),(2250,9,19,2,3),(2249,8,19,2,3),(2248,7,19,2,3),(2247,6,19,2,5),(2246,5,19,2,3),(2245,4,19,2,4),(2244,3,19,2,3),(2243,2,19,2,4),(2242,1,19,2,3),(2241,18,19,1,4),(2240,17,19,1,3),(2239,16,19,1,2),(2238,15,19,1,5),(2237,14,19,1,5),(2236,13,19,1,2),(2235,12,19,1,3),(2234,11,19,1,2),(2233,10,19,1,3),(2232,9,19,1,3),(2231,8,19,1,3),(2230,7,19,1,3),(2229,6,19,1,3),(2228,5,19,1,3),(2227,4,19,1,3),(2226,3,19,1,3),(2225,2,19,1,4),(2224,1,19,1,4),(2311,27,21,3,5),(2310,26,21,3,5),(2309,25,21,3,3),(2308,24,21,3,5),(2307,23,21,3,5),(2306,22,21,3,3),(2305,21,21,3,4),(2304,20,21,3,3),(2303,19,21,3,6),(2365,27,22,3,3),(2364,26,22,3,3),(2363,25,22,3,3),(2362,24,22,3,3),(2361,23,22,3,4),(2360,22,22,3,3),(2359,21,22,3,3),(2358,20,22,3,3),(2357,19,22,3,4),(2366,19,23,3,5),(6860,18,25,10,3),(6859,17,25,10,4),(6858,16,25,10,4),(6857,15,25,10,4),(6856,14,25,10,4),(6855,13,25,10,3),(6854,12,25,10,3),(6853,11,25,10,3),(6852,10,25,10,3),(6851,9,25,10,4),(6850,8,25,10,4),(6849,7,25,10,3),(6848,6,25,10,3),(6847,5,25,10,4),(6846,4,25,10,5),(6845,3,25,10,3),(6844,2,25,10,3),(6843,1,25,10,4),(6842,18,25,9,6),(6841,17,25,9,6),(6840,16,25,9,4),(6839,15,25,9,3),(6838,14,25,9,6),(6837,13,25,9,4),(6836,12,25,9,6),(6835,11,25,9,4),(6834,10,25,9,5),(6833,9,25,9,6),(6832,8,25,9,6),(6831,7,25,9,5),(6830,6,25,9,6),(6829,5,25,9,6),(6828,4,25,9,4),(6827,3,25,9,4),(6826,2,25,9,6),(6825,1,25,9,5),(6824,18,25,8,6),(6823,17,25,8,5),(6822,16,25,8,3),(6821,15,25,8,4),(6820,14,25,8,4),(6819,13,25,8,4),(6818,12,25,8,3),(6817,11,25,8,4),(6816,10,25,8,5),(6815,9,25,8,4),(6814,8,25,8,5),(6813,7,25,8,3),(6812,6,25,8,4),(6811,5,25,8,4),(6810,4,25,8,4),(6809,3,25,8,3),(6808,2,25,8,4),(6807,1,25,8,5),(6806,18,25,6,3),(6805,17,25,6,4),(6804,16,25,6,3),(6803,15,25,6,4),(6802,14,25,6,4),(6801,13,25,6,3),(6800,12,25,6,3),(6799,11,25,6,3),(6798,10,25,6,3),(6797,9,25,6,3),(6796,8,25,6,4),(6795,7,25,6,3),(6794,6,25,6,2),(6793,5,25,6,4),(6792,4,25,6,3),(6791,3,25,6,4),(6790,2,25,6,5),(6789,1,25,6,3),(6788,18,25,2,4),(6787,17,25,2,3),(6786,16,25,2,3),(6785,15,25,2,2),(6784,14,25,2,4),(6783,13,25,2,3),(6782,12,25,2,3),(6781,11,25,2,3),(6780,10,25,2,2),(6779,9,25,2,4),(6778,8,25,2,3),(6777,7,25,2,5),(6776,6,25,2,4),(6775,5,25,2,4),(6774,4,25,2,6),(6773,3,25,2,3),(6772,2,25,2,4),(6771,1,25,2,3),(9452,18,26,9,5),(9451,17,26,9,4),(9450,16,26,9,4),(9449,15,26,9,4),(9448,14,26,9,5),(9447,13,26,9,4),(9446,12,26,9,3),(9445,11,26,9,3),(9444,10,26,9,5),(9443,9,26,9,6),(9442,8,26,9,5),(9441,7,26,9,5),(9440,6,26,9,9),(9439,5,26,9,4),(9438,4,26,9,6),(9437,3,26,9,6),(9436,2,26,9,4),(9435,1,26,9,6),(9434,18,26,6,3),(9433,17,26,6,3),(9432,16,26,6,4),(9431,15,26,6,4),(9430,14,26,6,3),(9429,13,26,6,6),(9428,12,26,6,4),(9427,11,26,6,3),(9426,10,26,6,4),(9425,9,26,6,4),(9424,8,26,6,3),(9423,7,26,6,3),(9422,6,26,6,2),(9421,5,26,6,3),(9420,4,26,6,3),(9419,3,26,6,3),(9418,2,26,6,4),(9417,1,26,6,5),(9416,18,26,2,3),(9415,17,26,2,3),(9414,16,26,2,3),(9413,15,26,2,3),(9412,14,26,2,5),(9411,13,26,2,4),(9410,12,26,2,4),(9409,11,26,2,2),(9408,10,26,2,3),(9407,9,26,2,3),(9406,8,26,2,5),(9405,7,26,2,3),(9404,6,26,2,4),(9403,5,26,2,3),(9402,4,26,2,4),(9401,3,26,2,4),(9400,2,26,2,4),(9399,1,26,2,4),(9398,18,26,1,4),(9397,17,26,1,5),(9396,16,26,1,3),(9395,15,26,1,3),(9394,14,26,1,4),(9393,13,26,1,4),(9392,12,26,1,4),(9391,11,26,1,4),(9390,10,26,1,3),(9389,9,26,1,3),(9388,8,26,1,4),(9387,7,26,1,3),(9386,6,26,1,3),(9385,5,26,1,3),(9384,4,26,1,3),(9383,3,26,1,3),(9382,2,26,1,4),(9381,1,26,1,4),(9473,27,27,3,3),(9472,26,27,3,4),(9471,25,27,3,3),(9470,24,27,3,4),(9469,23,27,3,3),(9468,22,27,3,4),(9467,21,27,3,3),(9466,20,27,3,3),(9465,19,27,3,4),(9508,27,28,3,4),(9507,26,28,3,3),(9506,25,28,3,3),(9505,24,28,3,3),(9504,23,28,3,4),(9503,22,28,3,4),(9502,21,28,3,4),(9501,20,28,3,4),(9500,19,28,3,4),(11469,3,31,3,3),(11468,2,31,3,5),(11467,1,31,3,4),(11466,18,31,2,0),(11465,17,31,2,0),(11464,16,31,2,0),(11463,15,31,2,0),(11462,14,31,2,0),(11461,13,31,2,0),(11460,12,31,2,4),(11459,11,31,2,3),(11458,10,31,2,3),(11457,9,31,2,3),(11456,8,31,2,3),(11455,7,31,2,3),(11454,6,31,2,4),(11453,5,31,2,3),(11452,4,31,2,4),(11451,3,31,2,3),(11450,2,31,2,4),(11449,1,31,2,3),(11448,18,31,1,0),(11447,17,31,1,0),(11446,16,31,1,0),(11445,15,31,1,0),(11444,14,31,1,0),(11443,13,31,1,0),(11442,12,31,1,3),(11441,11,31,1,3),(11440,10,31,1,3),(11439,9,31,1,3),(11438,8,31,1,3),(11437,7,31,1,3),(11436,6,31,1,3),(11435,5,31,1,3),(11434,4,31,1,5),(11433,3,31,1,4),(11432,2,31,1,4),(11431,1,31,1,5),(11491,7,31,6,3),(11492,8,31,6,3),(11493,9,31,6,3),(11494,10,31,6,3),(11495,11,31,6,3),(11496,12,31,6,4),(11497,13,31,6,0),(11498,14,31,6,0),(11499,15,31,6,0),(11500,16,31,6,0),(11501,17,31,6,0),(11502,18,31,6,0),(11503,1,31,8,4),(11504,2,31,8,6),(11505,3,31,8,4),(11506,4,31,8,5),(11507,5,31,8,4),(11508,6,31,8,4),(11509,7,31,8,5),(11510,8,31,8,4),(11511,9,31,8,4),(11512,10,31,8,3),(11513,11,31,8,4),(11514,12,31,8,4),(11515,13,31,8,0),(11516,14,31,8,0),(11517,15,31,8,0),(11518,16,31,8,0),(11519,17,31,8,0),(11520,18,31,8,0),(14272,18,32,10,5),(14271,17,32,10,4),(14270,16,32,10,3),(14269,15,32,10,3),(14268,14,32,10,4),(14267,13,32,10,3),(14266,12,32,10,3),(14265,11,32,10,4),(14264,10,32,10,4),(14263,9,32,10,5),(14262,8,32,10,3),(14261,7,32,10,5),(14260,6,32,10,3),(14259,5,32,10,4),(14258,4,32,10,3),(14257,3,32,10,4),(14256,2,32,10,5),(14255,1,32,10,5),(14254,18,32,8,3),(14253,17,32,8,3),(14252,16,32,8,3),(14251,15,32,8,5),(14250,14,32,8,6),(14249,13,32,8,3),(14248,12,32,8,4),(14247,11,32,8,4),(14246,10,32,8,4),(14245,9,32,8,3),(14244,8,32,8,4),(14243,7,32,8,5),(14242,6,32,8,4),(14241,5,32,8,4),(14240,4,32,8,4),(14239,3,32,8,4),(14238,2,32,8,4),(14237,1,32,8,4),(14236,18,32,6,5),(14235,17,32,6,4),(14234,16,32,6,3),(14233,15,32,6,3),(14232,14,32,6,6),(14231,13,32,6,2),(14230,12,32,6,3),(14229,11,32,6,3),(14228,10,32,6,4),(14227,9,32,6,4),(14226,8,32,6,3),(14225,7,32,6,3),(14224,6,32,6,3),(14223,5,32,6,4),(14222,4,32,6,4),(14221,3,32,6,3),(14220,2,32,6,3),(14219,1,32,6,3),(14218,18,32,3,5),(14217,17,32,3,4),(14216,16,32,3,3),(14215,15,32,3,3),(14214,14,32,3,4),(14213,13,32,3,3),(14212,12,32,3,2),(14211,11,32,3,3),(14210,10,32,3,4),(14209,9,32,3,3),(14208,8,32,3,3),(14207,7,32,3,3),(14206,6,32,3,4),(14205,5,32,3,4),(14204,4,32,3,4),(14203,3,32,3,3),(14202,2,32,3,3),(14201,1,32,3,3),(17121,6,33,12,3),(17120,5,33,12,4),(17119,4,33,12,4),(17118,3,33,12,3),(17117,2,33,12,5),(17116,1,33,12,5),(17115,18,33,11,0),(17114,17,33,11,0),(17113,16,33,11,0),(17112,15,33,11,5),(17111,14,33,11,5),(17110,13,33,11,6),(17109,12,33,11,4),(17108,11,33,11,4),(17107,10,33,11,4),(17106,9,33,11,4),(17105,8,33,11,5),(17104,7,33,11,4),(17103,6,33,11,3),(17102,5,33,11,6),(17101,4,33,11,5),(17100,3,33,11,4),(17099,2,33,11,5),(17098,1,33,11,6),(17097,18,33,3,0),(17096,17,33,3,0),(17095,16,33,3,4),(17094,15,33,3,4),(17093,14,33,3,4),(17092,13,33,3,2),(17091,12,33,3,4),(17090,11,33,3,4),(17089,10,33,3,3),(17088,9,33,3,3),(17087,8,33,3,2),(17086,7,33,3,4),(17085,6,33,3,3),(17084,5,33,3,4),(17083,4,33,3,3),(17082,3,33,3,3),(17081,2,33,3,4),(17080,1,33,3,3),(17079,18,33,2,0),(17078,17,33,2,0),(17077,16,33,2,3),(17076,15,33,2,3),(17075,14,33,2,3),(17074,13,33,2,3),(17073,12,33,2,3),(17072,11,33,2,2),(17071,10,33,2,3),(17070,9,33,2,3),(17069,8,33,2,5),(17068,7,33,2,3),(17067,6,33,2,3),(17066,5,33,2,4),(17065,4,33,2,4),(17064,3,33,2,3),(17063,2,33,2,4),(17062,1,33,2,4),(17061,18,33,1,0),(17060,17,33,1,0),(17059,16,33,1,4),(17058,15,33,1,4),(17057,14,33,1,3),(17056,13,33,1,5),(17055,12,33,1,3),(17054,11,33,1,4),(17053,10,33,1,3),(17052,9,33,1,2),(17051,8,33,1,4),(17050,7,33,1,3),(17049,6,33,1,3),(17048,5,33,1,3),(17047,4,33,1,3),(17046,3,33,1,3),(17045,2,33,1,4),(17044,1,33,1,4),(17122,7,33,12,5),(17123,8,33,12,5),(17124,9,33,12,4),(17125,10,33,12,5),(17126,11,33,12,7),(17127,12,33,12,4),(17128,13,33,12,6),(17129,14,33,12,4),(17130,15,33,12,4),(17131,16,33,12,6),(17132,17,33,12,0),(17133,18,33,12,0),(17187,81,34,2,0),(17186,80,34,2,0),(17185,79,34,2,0),(17184,78,34,2,0),(17183,77,34,2,0),(17182,76,34,2,0),(17181,75,34,2,0),(17180,74,34,2,0),(17179,73,34,2,0),(17188,82,34,2,3),(17189,83,34,2,3),(17190,84,34,2,4),(17191,85,34,2,3),(17192,86,34,2,3),(17193,87,34,2,4),(17194,88,34,2,4),(17195,89,34,2,5),(17196,90,34,2,3),(17363,27,35,4,5),(17362,26,35,4,6),(17361,25,35,4,5),(17360,24,35,4,7),(17359,23,35,4,6),(17358,22,35,4,7),(17357,21,35,4,5),(17356,20,35,4,5),(17355,19,35,4,8),(17354,27,35,3,4),(17353,26,35,3,4),(17352,25,35,3,2),(17351,24,35,3,4),(17350,23,35,3,4),(17349,22,35,3,3),(17348,21,35,3,3),(17347,20,35,3,4),(17346,19,35,3,5),(17407,27,36,3,4),(17406,26,36,3,3),(17405,25,36,3,5),(17404,24,36,3,3),(17403,23,36,3,3),(17402,22,36,3,5),(17401,21,36,3,4),(17400,20,36,3,4),(17399,19,36,3,4),(17452,27,37,3,3),(17451,26,37,3,4),(17450,25,37,3,3),(17449,24,37,3,3),(17448,23,37,3,4),(17447,22,37,3,4),(17446,21,37,3,3),(17445,20,37,3,4),(17444,19,37,3,3),(17488,27,38,3,4),(17487,26,38,3,3),(17486,25,38,3,3),(17485,24,38,3,3),(17484,23,38,3,3),(17483,22,38,3,4),(17482,21,38,3,4),(17481,20,38,3,4),(17480,19,38,3,4),(17527,27,39,3,4),(17526,26,39,3,4),(17525,25,39,3,3),(17524,24,39,3,3),(17523,23,39,3,3),(17522,22,39,3,4),(17521,21,39,3,3),(17520,20,39,3,3),(17519,19,39,3,4),(18270,18,40,2,3),(18269,17,40,2,3),(18268,16,40,2,3),(18267,15,40,2,4),(18266,14,40,2,3),(18265,13,40,2,2),(18264,12,40,2,3),(18263,11,40,2,3),(18262,10,40,2,4),(18261,9,40,2,5),(18260,8,40,2,3),(18259,7,40,2,3),(18258,6,40,2,4),(18257,5,40,2,3),(18256,4,40,2,2),(18255,3,40,2,3),(18254,2,40,2,3),(18253,1,40,2,3),(18252,18,40,1,4),(18251,17,40,1,4),(18250,16,40,1,3),(18249,15,40,1,3),(18248,14,40,1,5),(18247,13,40,1,4),(18246,12,40,1,3),(18245,11,40,1,4),(18244,10,40,1,3),(18243,9,40,1,3),(18242,8,40,1,3),(18241,7,40,1,3),(18240,6,40,1,3),(18239,5,40,1,3),(18238,4,40,1,3),(18237,3,40,1,3),(18236,2,40,1,3),(18235,1,40,1,4),(18677,36,41,4,5),(18676,35,41,4,6),(18675,34,41,4,4),(18674,33,41,4,8),(18673,32,41,4,5),(18672,31,41,4,6),(18671,30,41,4,5),(18670,29,41,4,5),(18669,28,41,4,6),(18668,36,41,3,3),(18667,35,41,3,4),(18666,34,41,3,3),(18665,33,41,3,3),(18664,32,41,3,4),(18663,31,41,3,4),(18662,30,41,3,4),(18661,29,41,3,3),(18660,28,41,3,4),(18659,36,41,2,5),(18658,35,41,2,4),(18657,34,41,2,3),(18656,33,41,2,3),(18655,32,41,2,3),(18654,31,41,2,5),(18653,30,41,2,4),(18652,29,41,2,2),(18651,28,41,2,4),(18854,36,42,3,3),(18853,35,42,3,3),(18852,34,42,3,3),(18851,33,42,3,3),(18850,32,42,3,3),(18849,31,42,3,2),(18848,30,42,3,3),(18847,29,42,3,3),(18846,28,42,3,3),(18845,36,42,2,3),(18844,35,42,2,2),(18843,34,42,2,3),(18842,33,42,2,3),(18841,32,42,2,3),(18840,31,42,2,3),(18839,30,42,2,3),(18838,29,42,2,2),(18837,28,42,2,3),(18855,28,42,4,0),(18856,29,42,4,0),(18857,30,42,4,0),(18858,31,42,4,0),(18859,32,42,4,0),(18860,33,42,4,0),(18861,34,42,4,0),(18862,35,42,4,0),(18863,36,42,4,0),(19067,45,43,3,6),(19066,44,43,3,4),(19065,43,43,3,3),(19064,42,43,3,2),(19063,41,43,3,3),(19062,40,43,3,4),(19061,39,43,3,8),(19060,38,43,3,5),(19059,37,43,3,5),(19058,45,43,2,3),(19057,44,43,2,4),(19056,43,43,2,3),(19055,42,43,2,3),(19054,41,43,2,5),(19053,40,43,2,3),(19052,39,43,2,5),(19051,38,43,2,5),(19050,37,43,2,5),(19239,45,44,3,3),(19238,44,44,3,6),(19237,43,44,3,3),(19236,42,44,3,3),(19235,41,44,3,4),(19234,40,44,3,2),(19233,39,44,3,5),(19232,38,44,3,3),(19231,37,44,3,3),(19230,45,44,2,4),(19229,44,44,2,6),(19228,43,44,2,2),(19227,42,44,2,3),(19226,41,44,2,4),(19225,40,44,2,3),(19224,39,44,2,6),(19223,38,44,2,4),(19222,37,44,2,4),(19428,27,45,3,3),(19427,26,45,3,3),(19426,25,45,3,3),(19425,24,45,3,4),(19424,23,45,3,4),(19423,22,45,3,4),(19422,21,45,3,3),(19421,20,45,3,4),(19420,19,45,3,5),(19419,27,45,2,4),(19418,26,45,2,4),(19417,25,45,2,3),(19416,24,45,2,3),(19415,23,45,2,3),(19414,22,45,2,5),(19413,21,45,2,4),(19412,20,45,2,4),(19411,19,45,2,4),(20130,72,46,3,3),(20129,71,46,3,3),(20128,70,46,3,5),(20127,69,46,3,4),(20126,68,46,3,5),(20125,67,46,3,4),(20124,66,46,3,3),(20123,65,46,3,3),(20122,64,46,3,3),(20121,63,46,3,3),(20120,62,46,3,5),(20119,61,46,3,4),(20118,60,46,3,3),(20117,59,46,3,5),(20116,58,46,3,4),(20115,57,46,3,4),(20114,56,46,3,3),(20113,55,46,3,3),(20112,72,46,2,5),(20111,71,46,2,5),(20110,70,46,2,6),(20109,69,46,2,3),(20108,68,46,2,5),(20107,67,46,2,3),(20106,66,46,2,4),(20105,65,46,2,5),(20104,64,46,2,4),(20103,63,46,2,2),(20102,62,46,2,4),(20101,61,46,2,4),(20100,60,46,2,3),(20099,59,46,2,5),(20098,58,46,2,4),(20097,57,46,2,3),(20096,56,46,2,4),(20095,55,46,2,4),(20326,27,47,3,4),(20325,26,47,3,4),(20324,25,47,3,3),(20323,24,47,3,3),(20322,23,47,3,4),(20321,22,47,3,5),(20320,21,47,3,4),(20319,20,47,3,4),(20318,19,47,3,4),(20317,27,47,2,3),(20316,26,47,2,4),(20315,25,47,2,3),(20314,24,47,2,4),(20313,23,47,2,3),(20312,22,47,2,5),(20311,21,47,2,4),(20310,20,47,2,3),(20309,19,47,2,5),(20497,27,48,3,3),(20496,26,48,3,3),(20495,25,48,3,3),(20494,24,48,3,4),(20493,23,48,3,4),(20492,22,48,3,3),(20491,21,48,3,5),(20490,20,48,3,3),(20489,19,48,3,4),(20488,27,48,2,4),(20487,26,48,2,5),(20486,25,48,2,3),(20485,24,48,2,3),(20484,23,48,2,3),(20483,22,48,2,3),(20482,21,48,2,4),(20481,20,48,2,4),(20480,19,48,2,4),(20686,27,49,3,5),(20685,26,49,3,4),(20684,25,49,3,3),(20683,24,49,3,3),(20682,23,49,3,3),(20681,22,49,3,4),(20680,21,49,3,3),(20679,20,49,3,3),(20678,19,49,3,5),(20677,27,49,2,4),(20676,26,49,2,4),(20675,25,49,2,4),(20674,24,49,2,2),(20673,23,49,2,3),(20672,22,49,2,5),(20671,21,49,2,5),(20670,20,49,2,4),(20669,19,49,2,4),(20737,27,50,2,3),(20736,26,50,2,4),(20735,25,50,2,3),(20734,24,50,2,3),(20733,23,50,2,4),(20732,22,50,2,3),(20731,21,50,2,3),(20730,20,50,2,3),(20729,19,50,2,4),(21613,27,52,3,2),(21424,71,51,3,4),(21423,70,51,3,5),(21422,69,51,3,3),(21421,68,51,3,4),(21420,67,51,3,3),(21419,66,51,3,3),(21418,65,51,3,3),(21417,64,51,3,4),(21416,63,51,3,4),(21415,62,51,3,4),(21414,61,51,3,3),(21413,60,51,3,4),(21412,59,51,3,3),(21411,58,51,3,4),(21410,57,51,3,4),(21409,56,51,3,3),(21408,55,51,3,4),(21407,72,51,2,3),(21406,71,51,2,3),(21405,70,51,2,5),(21404,69,51,2,4),(21403,68,51,2,3),(21402,67,51,2,3),(21401,66,51,2,3),(21400,65,51,2,3),(21399,64,51,2,5),(21398,63,51,2,4),(21397,62,51,2,5),(21396,61,51,2,3),(21395,60,51,2,3),(21394,59,51,2,4),(21393,58,51,2,4),(21392,57,51,2,4),(21391,56,51,2,4),(21390,55,51,2,4),(21612,26,52,3,4),(21611,25,52,3,3),(21610,24,52,3,3),(21609,23,52,3,4),(21608,22,52,3,4),(21607,21,52,3,3),(21606,20,52,3,3),(21605,19,52,3,5),(21604,27,52,2,4),(21603,26,52,2,3),(21602,25,52,2,2),(21601,24,52,2,4),(21600,23,52,2,3),(21599,22,52,2,5),(21598,21,52,2,4),(21597,20,52,2,3),(21596,19,52,2,5),(21799,27,53,4,4),(21798,26,53,4,4),(21797,25,53,4,3),(21796,24,53,4,5),(21795,23,53,4,5),(21794,22,53,4,6),(21793,21,53,4,5),(21792,20,53,4,5),(21791,19,53,4,7),(21790,27,53,3,3),(21789,26,53,3,3),(21788,25,53,3,3),(21787,24,53,3,3),(21786,23,53,3,5),(21785,22,53,3,4),(21784,21,53,3,3),(21783,20,53,3,3),(21782,19,53,3,4),(22004,45,54,3,3),(22003,44,54,3,5),(22002,43,54,3,3),(22001,42,54,3,3),(22000,41,54,3,4),(21999,40,54,3,3),(21998,39,54,3,6),(21997,38,54,3,4),(21996,37,54,3,5),(21995,45,54,2,3),(21994,44,54,2,7),(21993,43,54,2,3),(21992,42,54,2,3),(21991,41,54,2,4),(21990,40,54,2,4),(21989,39,54,2,5),(21988,38,54,2,4),(21987,37,54,2,5),(22426,45,55,3,3),(22425,44,55,3,7),(22424,43,55,3,2),(22423,42,55,3,2),(22422,41,55,3,3),(22421,40,55,3,3),(22420,39,55,3,6),(22419,38,55,3,3),(22418,37,55,3,5),(22417,45,55,2,4),(22416,44,55,2,6),(22415,43,55,2,3),(22414,42,55,2,3),(22413,41,55,2,4),(22412,40,55,2,3),(22411,39,55,2,6),(22410,38,55,2,4),(22409,37,55,2,5),(22408,45,55,1,3),(22407,44,55,1,4),(22406,43,55,1,3),(22405,42,55,1,3),(22404,41,55,1,4),(22403,40,55,1,3),(22402,39,55,1,5),(22401,38,55,1,5),(22400,37,55,1,5),(22946,27,56,3,4),(22945,26,56,3,4),(22944,25,56,3,3),(22943,24,56,3,4),(22942,23,56,3,4),(22941,22,56,3,4),(22940,21,56,3,3),(22939,20,56,3,4),(22938,19,56,3,3),(22937,27,56,2,3),(22936,26,56,2,4),(22935,25,56,2,3),(22934,24,56,2,4),(22933,23,56,2,5),(22932,22,56,2,4),(22931,21,56,2,3),(22930,20,56,2,3),(22929,19,56,2,4),(22928,27,56,1,4),(22927,26,56,1,3),(22926,25,56,1,3),(22925,24,56,1,4),(22924,23,56,1,3),(22923,22,56,1,3),(22922,21,56,1,3),(22921,20,56,1,4),(22920,19,56,1,4),(24487,72,57,3,4),(24486,71,57,3,2),(24485,70,57,3,4),(24484,69,57,3,3),(24483,68,57,3,3),(24482,67,57,3,3),(24481,66,57,3,2),(24480,65,57,3,3),(24479,64,57,3,5),(24478,63,57,3,4),(24477,62,57,3,3),(24476,61,57,3,5),(24475,60,57,3,4),(24474,59,57,3,3),(24473,58,57,3,5),(24472,57,57,3,3),(24471,56,57,3,4),(24470,55,57,3,4),(24469,72,57,2,4),(24468,71,57,2,3),(24467,70,57,2,3),(24466,69,57,2,5),(24465,68,57,2,3),(24464,67,57,2,3),(24463,66,57,2,2),(24462,65,57,2,4),(24461,64,57,2,4),(24460,63,57,2,4),(24459,62,57,2,4),(24458,61,57,2,4),(24457,60,57,2,4),(24456,59,57,2,4),(24455,58,57,2,4),(24454,57,57,2,4),(24453,56,57,2,4),(24452,55,57,2,5),(24451,72,57,1,5),(24450,71,57,1,3),(24449,70,57,1,4),(24448,69,57,1,3),(24447,68,57,1,4),(24446,67,57,1,3),(24445,66,57,1,4),(24444,65,57,1,3),(24443,64,57,1,3),(24442,63,57,1,4),(24441,62,57,1,4),(24440,61,57,1,5),(24439,60,57,1,3),(24438,59,57,1,3),(24437,58,57,1,4),(24436,57,57,1,4),(24435,56,57,1,5),(24434,55,57,1,3),(24929,99,58,3,2),(24928,98,58,3,8),(24927,97,58,3,4),(24926,96,58,3,4),(24925,95,58,3,3),(24924,94,58,3,3),(24923,93,58,3,3),(24922,92,58,3,3),(24921,91,58,3,4),(24920,99,58,2,2),(24919,98,58,2,2),(24918,97,58,2,3),(24917,96,58,2,2),(24916,95,58,2,3),(24915,94,58,2,3),(24914,93,58,2,3),(24913,92,58,2,3),(24912,91,58,2,4),(24911,99,58,1,2),(24910,98,58,1,2),(24909,97,58,1,4),(24908,96,58,1,3),(24907,95,58,1,3),(24906,94,58,1,2),(24905,93,58,1,3),(24904,92,58,1,3),(24903,91,58,1,4),(26423,72,59,3,3),(26422,71,59,3,3),(26421,70,59,3,5),(26420,69,59,3,3),(26419,68,59,3,3),(26418,67,59,3,4),(26417,66,59,3,4),(26416,65,59,3,4),(26415,64,59,3,4),(26414,63,59,3,4),(26413,62,59,3,3),(26412,61,59,3,3),(26411,60,59,3,3),(26410,59,59,3,3),(26409,58,59,3,3),(26408,57,59,3,4),(26407,56,59,3,3),(26406,55,59,3,4),(26405,72,59,2,4),(26404,71,59,2,3),(26403,70,59,2,4),(26402,69,59,2,3),(26401,68,59,2,4),(26400,67,59,2,4),(26399,66,59,2,4),(26398,65,59,2,2),(26397,64,59,2,5),(26396,63,59,2,4),(26395,62,59,2,4),(26394,61,59,2,4),(26393,60,59,2,4),(26392,59,59,2,3),(26391,58,59,2,5),(26390,57,59,2,4),(26389,56,59,2,3),(26388,55,59,2,5),(26387,72,59,1,2),(26386,71,59,1,3),(26385,70,59,1,4),(26384,69,59,1,3),(26383,68,59,1,3),(26382,67,59,1,4),(26381,66,59,1,3),(26380,65,59,1,2),(26379,64,59,1,3),(26378,63,59,1,3),(26377,62,59,1,5),(26376,61,59,1,3),(26375,60,59,1,3),(26374,59,59,1,5),(26373,58,59,1,4),(26372,57,59,1,3),(26371,56,59,1,4),(26370,55,59,1,4),(26606,54,60,3,4),(26605,53,60,3,3),(26604,52,60,3,3),(26603,51,60,3,3),(26602,50,60,3,3),(26601,49,60,3,3),(26600,48,60,3,3),(26599,47,60,3,4),(26598,46,60,3,4),(26597,54,60,2,5),(26596,53,60,2,4),(26595,52,60,2,3),(26594,51,60,2,3),(26593,50,60,2,3),(26592,49,60,2,4),(26591,48,60,2,5),(26590,47,60,2,3),(26589,46,60,2,5),(26801,27,61,3,3),(26800,26,61,3,3),(26799,25,61,3,3),(26798,24,61,3,5),(26797,23,61,3,4),(26796,22,61,3,3),(26795,21,61,3,3),(26794,20,61,3,3),(26793,19,61,3,4),(26792,27,61,2,4),(26791,26,61,2,4),(26790,25,61,2,3),(26789,24,61,2,4),(26788,23,61,2,3),(26787,22,61,2,4),(26786,21,61,2,4),(26785,20,61,2,4),(26784,19,61,2,5),(26977,45,62,3,3),(26976,44,62,3,4),(26975,43,62,3,3),(26974,42,62,3,3),(26973,41,62,3,3),(26972,40,62,3,3),(26971,39,62,3,6),(26970,38,62,3,4),(26969,37,62,3,6),(26968,45,62,2,4),(26967,44,62,2,5),(26966,43,62,2,2),(26965,42,62,2,3),(26964,41,62,2,4),(26963,40,62,2,2),(26962,39,62,2,6),(26961,38,62,2,3),(26960,37,62,2,4),(27067,12,63,1,0),(27066,11,63,1,0),(27065,10,63,1,0),(27064,9,63,1,0),(27063,8,63,1,0),(27062,7,63,1,0),(27061,6,63,1,0),(27060,5,63,1,0),(27059,4,63,1,0),(27058,3,63,1,3),(27057,2,63,1,3),(27056,1,63,1,3),(27068,13,63,1,0),(27069,14,63,1,0),(27070,15,63,1,0),(27071,16,63,1,0),(27072,17,63,1,0),(27073,18,63,1,0),(27074,1,63,2,2),(27075,2,63,2,3),(27076,3,63,2,4),(27077,4,63,2,0),(27078,5,63,2,0),(27079,6,63,2,0),(27080,7,63,2,0),(27081,8,63,2,0),(27082,9,63,2,0),(27083,10,63,2,0),(27084,11,63,2,0),(27085,12,63,2,0),(27086,13,63,2,0),(27087,14,63,2,0),(27088,15,63,2,0),(27089,16,63,2,0),(27090,17,63,2,0),(27091,18,63,2,0),(27092,1,63,3,2),(27093,2,63,3,4),(27094,3,63,3,4),(27095,4,63,3,0),(27096,5,63,3,0),(27097,6,63,3,0),(27098,7,63,3,0),(27099,8,63,3,0),(27100,9,63,3,0),(27101,10,63,3,0),(27102,11,63,3,0),(27103,12,63,3,0),(27104,13,63,3,0),(27105,14,63,3,0),(27106,15,63,3,0),(27107,16,63,3,0),(27108,17,63,3,0),(27109,18,63,3,0),(27110,1,63,4,2),(27111,2,63,4,2),(27112,3,63,4,4),(27113,4,63,4,0),(27114,5,63,4,0),(27115,6,63,4,0),(27116,7,63,4,0),(27117,8,63,4,0),(27118,9,63,4,0),(27119,10,63,4,0),(27120,11,63,4,0),(27121,12,63,4,0),(27122,13,63,4,0),(27123,14,63,4,0),(27124,15,63,4,0),(27125,16,63,4,0),(27126,17,63,4,0),(27127,18,63,4,0),(27778,18,64,3,4),(27777,17,64,3,3),(27776,16,64,3,3),(27775,15,64,3,3),(27774,14,64,3,3),(27773,13,64,3,3),(27772,12,64,3,4),(27771,11,64,3,3),(27770,10,64,3,3),(27769,9,64,3,3),(27768,8,64,3,4),(27767,7,64,3,3),(27766,6,64,3,3),(27765,5,64,3,3),(27764,4,64,3,4),(27763,3,64,3,3),(27762,2,64,3,4),(27761,1,64,3,4),(27760,18,64,1,6),(27759,17,64,1,3),(27758,16,64,1,3),(27757,15,64,1,2),(27756,14,64,1,3),(27755,13,64,1,3),(27754,12,64,1,3),(27753,11,64,1,3),(27752,10,64,1,4),(27751,9,64,1,2),(27750,8,64,1,3),(27749,7,64,1,3),(27748,6,64,1,3),(27747,5,64,1,3),(27746,4,64,1,3),(27745,3,64,1,3),(27744,2,64,1,4),(27743,1,64,1,3),(30417,18,65,12,4),(30416,17,65,12,4),(30415,16,65,12,4),(30414,15,65,12,6),(30413,14,65,12,4),(30412,13,65,12,5),(30411,12,65,12,4),(30410,11,65,12,4),(30409,10,65,12,6),(30408,9,65,12,4),(30407,8,65,12,4),(30406,7,65,12,4),(30405,6,65,12,5),(30404,5,65,12,5),(30403,4,65,12,4),(30402,3,65,12,4),(30401,2,65,12,4),(30400,1,65,12,4),(30399,18,65,8,4),(30398,17,65,8,3),(30397,16,65,8,4),(30396,15,65,8,6),(30395,14,65,8,4),(30394,13,65,8,4),(30393,12,65,8,3),(30392,11,65,8,3),(30391,10,65,8,3),(30390,9,65,8,3),(30389,8,65,8,3),(30388,7,65,8,3),(30387,6,65,8,3),(30386,5,65,8,4),(30385,4,65,8,4),(30384,3,65,8,4),(30383,2,65,8,5),(30382,1,65,8,5),(30381,18,65,2,4),(30380,17,65,2,3),(30379,16,65,2,3),(30378,15,65,2,2),(30377,14,65,2,3),(30376,13,65,2,2),(30375,12,65,2,4),(30374,11,65,2,3),(30373,10,65,2,2),(30372,9,65,2,4),(30371,8,65,2,4),(30370,7,65,2,2),(30369,6,65,2,4),(30368,5,65,2,3),(30367,4,65,2,3),(30366,3,65,2,3),(30365,2,65,2,4),(30364,1,65,2,4),(30363,18,65,1,3),(30362,17,65,1,3),(30361,16,65,1,3),(30360,15,65,1,4),(30359,14,65,1,4),(30358,13,65,1,2),(30357,12,65,1,3),(30356,11,65,1,3),(30355,10,65,1,3),(30354,9,65,1,3),(30353,8,65,1,2),(30352,7,65,1,4),(30351,6,65,1,2),(30350,5,65,1,3),(30349,4,65,1,3),(30348,3,65,1,3),(30347,2,65,1,2),(30346,1,65,1,3),(30614,27,66,12,4),(30613,26,66,12,6),(30612,25,66,12,4),(30611,24,66,12,3),(30610,23,66,12,4),(30609,22,66,12,4),(30608,21,66,12,5),(30607,20,66,12,5),(30606,19,66,12,4),(30605,27,66,2,4),(30604,26,66,2,4),(30603,25,66,2,4),(30602,24,66,2,3),(30601,23,66,2,4),(30600,22,66,2,4),(30599,21,66,2,3),(30598,20,66,2,3),(30597,19,66,2,4),(30859,27,67,3,3),(30858,26,67,3,3),(30857,25,67,3,3),(30856,24,67,3,2),(30855,23,67,3,4),(30854,22,67,3,3),(30853,21,67,3,4),(30852,20,67,3,3),(30851,19,67,3,4),(30850,27,67,2,3),(30849,26,67,2,3),(30848,25,67,2,4),(30847,24,67,2,3),(30846,23,67,2,4),(30845,22,67,2,4),(30844,21,67,2,3),(30843,20,67,2,3),(30842,19,67,2,3),(31048,27,68,3,3),(31047,26,68,3,3),(31046,25,68,3,4),(31045,24,68,3,2),(31044,23,68,3,3),(31043,22,68,3,8),(31042,21,68,3,4),(31041,20,68,3,4),(31040,19,68,3,4),(31039,27,68,2,4),(31038,26,68,2,4),(31037,25,68,2,3),(31036,24,68,2,4),(31035,23,68,2,4),(31034,22,68,2,6),(31033,21,68,2,3),(31032,20,68,2,4),(31031,19,68,2,4),(31239,117,69,2,0),(31238,116,69,2,0),(31237,115,69,2,0),(31236,114,69,2,0),(31235,113,69,2,0),(31234,112,69,2,0),(31233,111,69,2,0),(31232,110,69,2,0),(31231,109,69,2,0),(31230,108,69,2,3),(31229,107,69,2,4),(31228,106,69,2,3),(31227,105,69,2,5),(31226,104,69,2,3),(31225,103,69,2,3),(31224,102,69,2,3),(31223,101,69,2,4),(31222,100,69,2,4),(31240,100,69,3,3),(31241,101,69,3,4),(31242,102,69,3,3),(31243,103,69,3,4),(31244,104,69,3,3),(31245,105,69,3,4),(31246,106,69,3,3),(31247,107,69,3,3),(31248,108,69,3,3),(31249,109,69,3,0),(31250,110,69,3,0),(31251,111,69,3,0),(31252,112,69,3,0),(31253,113,69,3,0),(31254,114,69,3,0),(31255,115,69,3,0),(31256,116,69,3,0),(31257,117,69,3,0),(31414,26,70,3,3),(31413,25,70,3,3),(31412,24,70,3,3),(31411,23,70,3,3),(31410,22,70,3,4),(31409,21,70,3,2),(31408,20,70,3,3),(31407,19,70,3,5),(31406,27,70,2,3),(31405,26,70,2,4),(31404,25,70,2,3),(31403,24,70,2,3),(31402,23,70,2,4),(31401,22,70,2,5),(31400,21,70,2,4),(31399,20,70,2,5),(31398,19,70,2,5),(31415,27,70,3,3),(31504,111,71,2,0),(31503,110,71,2,0),(31502,109,71,2,0),(31501,108,71,2,0),(31500,107,71,2,0),(31499,106,71,2,0),(31498,105,71,2,6),(31497,104,71,2,3),(31496,103,71,2,3),(31495,102,71,2,3),(31494,101,71,2,4),(31493,100,71,2,3),(31505,112,71,2,0),(31506,113,71,2,0),(31507,114,71,2,0),(31508,115,71,2,0),(31509,116,71,2,0),(31510,117,71,2,0),(31511,100,71,3,4),(31512,101,71,3,4),(31513,102,71,3,3),(31514,103,71,3,3),(31515,104,71,3,4),(31516,105,71,3,3),(31517,106,71,3,0),(31518,107,71,3,0),(31519,108,71,3,0),(31520,109,71,3,0),(31521,110,71,3,0),(31522,111,71,3,0),(31523,112,71,3,0),(31524,113,71,3,0),(31525,114,71,3,0),(31526,115,71,3,0),(31527,116,71,3,0),(31528,117,71,3,0),(31645,15,72,3,3),(31644,14,72,3,3),(31643,13,72,3,4),(31642,12,72,3,3),(31641,11,72,3,3),(31640,10,72,3,4),(31639,9,72,3,3),(31638,8,72,3,3),(31637,7,72,3,3),(31636,6,72,3,2),(31635,5,72,3,2),(31634,4,72,3,4),(31633,3,72,3,3),(31632,2,72,3,3),(31631,1,72,3,3),(31646,16,72,3,0),(31647,17,72,3,0),(31648,18,72,3,0),(32310,117,73,3,4),(32309,116,73,3,4),(32308,115,73,3,5),(32307,114,73,3,4),(32306,113,73,3,4),(32305,112,73,3,4),(32304,111,73,3,3),(32303,110,73,3,4),(32302,109,73,3,4),(32301,108,73,3,3),(32300,107,73,3,3),(32299,106,73,3,3),(32298,105,73,3,4),(32297,104,73,3,4),(32296,103,73,3,3),(32295,102,73,3,3),(32294,101,73,3,3),(32293,100,73,3,4),(32292,117,73,2,6),(32291,116,73,2,3),(32290,115,73,2,3),(32289,114,73,2,3),(32288,113,73,2,4),(32287,112,73,2,3),(32286,111,73,2,3),(32285,110,73,2,3),(32284,109,73,2,3),(32283,108,73,2,3),(32282,107,73,2,4),(32281,106,73,2,3),(32280,105,73,2,4),(32279,104,73,2,4),(32278,103,73,2,4),(32277,102,73,2,4),(32276,101,73,2,4),(32275,100,73,2,4),(32588,123,74,3,3),(32587,122,74,3,3),(32586,121,74,3,0),(32585,120,74,3,0),(32584,119,74,3,0),(32583,118,74,3,0),(32582,135,74,2,3),(32581,134,74,2,3),(32580,133,74,2,3),(32579,132,74,2,0),(32578,131,74,2,3),(32577,130,74,2,3),(32576,129,74,2,4),(32575,128,74,2,3),(32574,127,74,2,3),(32573,126,74,2,4),(32572,125,74,2,4),(32571,124,74,2,0),(32570,123,74,2,3),(32569,122,74,2,4),(32568,121,74,2,0),(32567,120,74,2,0),(32566,119,74,2,0),(32565,118,74,2,0),(32589,124,74,3,0),(32590,125,74,3,4),(32591,126,74,3,3),(32592,127,74,3,3),(32593,128,74,3,4),(32594,129,74,3,3),(32595,130,74,3,3),(32596,131,74,3,3),(32597,132,74,3,0),(32598,133,74,3,3),(32599,134,74,3,3),(32600,135,74,3,3),(32777,27,75,3,3),(32776,26,75,3,3),(32775,25,75,3,2),(32774,24,75,3,3),(32773,23,75,3,5),(32772,22,75,3,3),(32771,21,75,3,3),(32770,20,75,3,4),(32769,19,75,3,4),(32768,27,75,2,3),(32767,26,75,2,5),(32766,25,75,2,4),(32765,24,75,2,3),(32764,23,75,2,3),(32763,22,75,2,3),(32762,21,75,2,3),(32761,20,75,2,3),(32760,19,75,2,5),(32954,27,76,3,2),(32953,26,76,3,4),(32952,25,76,3,3),(32951,24,76,3,3),(32950,23,76,3,4),(32949,22,76,3,4),(32948,21,76,3,3),(32947,20,76,3,5),(32946,19,76,3,4),(32945,27,76,2,3),(32944,26,76,2,4),(32943,25,76,2,3),(32942,24,76,2,3),(32941,23,76,2,4),(32940,22,76,2,4),(32939,21,76,2,3),(32938,20,76,2,3),(32937,19,76,2,4),(33560,117,77,3,3),(33559,116,77,3,6),(33558,115,77,3,4),(33557,114,77,3,4),(33556,113,77,3,4),(33555,112,77,3,4),(33554,111,77,3,3),(33553,110,77,3,3),(33552,109,77,3,4),(33551,108,77,3,3),(33550,107,77,3,4),(33549,106,77,3,4),(33548,105,77,3,4),(33547,104,77,3,4),(33546,103,77,3,3),(33545,102,77,3,3),(33544,101,77,3,3),(33543,100,77,3,4),(33542,117,77,2,3),(33541,116,77,2,6),(33540,115,77,2,4),(33539,114,77,2,5),(33538,113,77,2,4),(33537,112,77,2,5),(33536,111,77,2,3),(33535,110,77,2,4),(33534,109,77,2,3),(33533,108,77,2,4),(33532,107,77,2,4),(33531,106,77,2,3),(33530,105,77,2,3),(33529,104,77,2,3),(33528,103,77,2,4),(33527,102,77,2,4),(33526,101,77,2,3),(33525,100,77,2,4),(33749,27,78,13,4),(33748,26,78,13,5),(33747,25,78,13,4),(33746,24,78,13,4),(33745,23,78,13,4),(33744,22,78,13,5),(33743,21,78,13,6),(33742,20,78,13,4),(33741,19,78,13,6),(33740,27,78,2,4),(33739,26,78,2,4),(33738,25,78,2,3),(33737,24,78,2,3),(33736,23,78,2,3),(33735,22,78,2,4),(33734,21,78,2,4),(33733,20,78,2,3),(33732,19,78,2,5),(34345,117,79,3,4),(34344,116,79,3,3),(34343,115,79,3,2),(34342,114,79,3,4),(34341,113,79,3,4),(34340,112,79,3,4),(34339,111,79,3,4),(34338,110,79,3,4),(34337,109,79,3,3),(34336,108,79,3,4),(34335,107,79,3,4),(34334,106,79,3,3),(34333,105,79,3,3),(34332,104,79,3,4),(34331,103,79,3,4),(34330,102,79,3,4),(34329,101,79,3,2),(34328,100,79,3,3),(34327,117,79,2,4),(34326,116,79,2,3),(34325,115,79,2,2),(34324,114,79,2,4),(34323,113,79,2,4),(34322,112,79,2,3),(34321,111,79,2,3),(34320,110,79,2,3),(34319,109,79,2,3),(34318,108,79,2,3),(34317,107,79,2,3),(34316,106,79,2,3),(34315,105,79,2,3),(34314,104,79,2,4),(34313,103,79,2,3),(34312,102,79,2,4),(34311,101,79,2,4),(34310,100,79,2,4),(35041,117,80,3,4),(35040,116,80,3,3),(35039,115,80,3,3),(35038,114,80,3,5),(35037,113,80,3,5),(35036,112,80,3,3),(35035,111,80,3,3),(35034,110,80,3,3),(35033,109,80,3,4),(35032,108,80,3,4),(35031,107,80,3,3),(35030,106,80,3,3),(35029,105,80,3,3),(35028,104,80,3,4),(35027,103,80,3,3),(35026,102,80,3,4),(35025,101,80,3,3),(35024,100,80,3,5),(35023,117,80,2,4),(35022,116,80,2,3),(35021,115,80,2,3),(35020,114,80,2,5),(35019,113,80,2,4),(35018,112,80,2,4),(35017,111,80,2,3),(35016,110,80,2,3),(35015,109,80,2,4),(35014,108,80,2,4),(35013,107,80,2,4),(35012,106,80,2,3),(35011,105,80,2,4),(35010,104,80,2,4),(35009,103,80,2,3),(35008,102,80,2,4),(35007,101,80,2,4),(35006,100,80,2,3),(35701,114,82,3,0),(35700,113,82,3,4),(35699,112,82,3,3),(35698,111,82,3,3),(35697,110,82,3,3),(35696,109,82,3,3),(35695,108,82,3,4),(35694,107,82,3,0),(35693,106,82,3,0),(35692,105,82,3,3),(35691,104,82,3,0),(35690,103,82,3,0),(35689,102,82,3,0),(35688,101,82,3,4),(35687,100,82,3,3),(35686,117,82,2,6),(35685,116,82,2,6),(35684,115,82,2,0),(35683,114,82,2,0),(35682,113,82,2,3),(35681,112,82,2,4),(35680,111,82,2,3),(35679,110,82,2,4),(35678,109,82,2,4),(35677,108,82,2,5),(35676,107,82,2,0),(35675,106,82,2,0),(35674,105,82,2,4),(35673,104,82,2,0),(35672,103,82,2,0),(35671,102,82,2,0),(35670,101,82,2,3),(35669,100,82,2,5),(35702,115,82,3,0),(35703,116,82,3,3),(35704,117,82,3,5),(35705,100,82,8,4),(35706,101,82,8,5),(35707,102,82,8,0),(35708,103,82,8,0),(35709,104,82,8,0),(35710,105,82,8,4),(35711,106,82,8,0),(35712,107,82,8,0),(35713,108,82,8,6),(35714,109,82,8,3),(35715,110,82,8,4),(35716,111,82,8,4),(35717,112,82,8,5),(35718,113,82,8,5),(35719,114,82,8,0),(35720,115,82,8,0),(35721,116,82,8,4),(35722,117,82,8,6),(36321,70,83,3,4),(36320,69,83,3,5),(36319,68,83,3,5),(36318,67,83,3,3),(36317,66,83,3,3),(36316,65,83,3,4),(36315,64,83,3,3),(36314,63,83,3,3),(36313,62,83,3,4),(36312,61,83,3,4),(36311,60,83,3,3),(36310,59,83,3,3),(36309,58,83,3,4),(36308,57,83,3,4),(36307,56,83,3,3),(36306,55,83,3,4),(36305,71,83,2,4),(36304,70,83,2,4),(36303,69,83,2,4),(36302,68,83,2,4),(36301,67,83,2,4),(36300,66,83,2,3),(36299,65,83,2,4),(36298,64,83,2,4),(36297,63,83,2,4),(36296,62,83,2,5),(36295,61,83,2,4),(36294,60,83,2,5),(36293,59,83,2,3),(36292,58,83,2,5),(36291,57,83,2,4),(36290,56,83,2,4),(36289,55,83,2,4),(36322,71,83,3,6),(36721,27,84,13,3),(36720,26,84,13,4),(36719,25,84,13,4),(36718,24,84,13,4),(36717,23,84,13,5),(36716,22,84,13,4),(36715,21,84,13,4),(36714,20,84,13,4),(36713,19,84,13,6),(36712,27,84,3,3),(36711,26,84,3,3),(36710,25,84,3,4),(36709,24,84,3,2),(36708,23,84,3,3),(36707,22,84,3,4),(36706,21,84,3,3),(36705,20,84,3,3),(36704,19,84,3,4),(36703,27,84,2,2),(36702,26,84,2,5),(36701,25,84,2,3),(36700,24,84,2,4),(36699,23,84,2,3),(36698,22,84,2,3),(36697,21,84,2,4),(36696,20,84,2,4),(36695,19,84,2,4),(37599,117,85,3,4),(37598,116,85,3,4),(37597,115,85,3,3),(37596,114,85,3,4),(37595,113,85,3,5),(37594,112,85,3,4),(37593,111,85,3,3),(37592,110,85,3,3),(37591,109,85,3,4),(37590,108,85,3,5),(37589,107,85,3,5),(37588,106,85,3,3),(37587,105,85,3,3),(37586,104,85,3,3),(37585,103,85,3,3),(37584,102,85,3,3),(37583,101,85,3,3),(37582,100,85,3,4),(37581,117,85,2,4),(37580,116,85,2,5),(37579,115,85,2,4),(37578,114,85,2,4),(37577,113,85,2,3),(37576,112,85,2,4),(37575,111,85,2,3),(37574,110,85,2,4),(37573,109,85,2,3),(37572,108,85,2,4),(37571,107,85,2,3),(37570,106,85,2,4),(37569,105,85,2,4),(37568,104,85,2,3),(37567,103,85,2,4),(37566,102,85,2,3),(37565,101,85,2,3),(37564,100,85,2,4),(37718,23,86,3,3),(37717,22,86,3,5),(37716,21,86,3,5),(37715,20,86,3,4),(37714,19,86,3,4),(37713,27,86,2,3),(37712,26,86,2,4),(37711,25,86,2,2),(37710,24,86,2,4),(37709,23,86,2,4),(37708,22,86,2,5),(37707,21,86,2,4),(37706,20,86,2,2),(37705,19,86,2,4),(37719,24,86,3,0),(37720,25,86,3,0),(37721,26,86,3,0),(37722,27,86,3,0),(37877,35,87,3,2),(37876,34,87,3,2),(37875,33,87,3,2),(37874,32,87,3,3),(37873,31,87,3,5),(37872,30,87,3,4),(37871,29,87,3,2),(37870,28,87,3,4),(37869,36,87,2,3),(37868,35,87,2,3),(37867,34,87,2,3),(37866,33,87,2,2),(37865,32,87,2,3),(37864,31,87,2,3),(37863,30,87,2,3),(37862,29,87,2,3),(37861,28,87,2,3),(37878,36,87,3,3),(38067,27,88,3,3),(38066,26,88,3,3),(38065,25,88,3,3),(38064,24,88,3,3),(38063,23,88,3,3),(38062,22,88,3,3),(38061,21,88,3,3),(38060,20,88,3,3),(38059,19,88,3,5),(38058,27,88,2,2),(38057,26,88,2,4),(38056,25,88,2,3),(38055,24,88,2,3),(38054,23,88,2,3),(38053,22,88,2,3),(38052,21,88,2,3),(38051,20,88,2,3),(38050,19,88,2,4),(38769,117,89,3,4),(38768,116,89,3,4),(38767,115,89,3,3),(38766,114,89,3,4),(38765,113,89,3,4),(38764,112,89,3,3),(38763,111,89,3,3),(38762,110,89,3,3),(38761,109,89,3,3),(38760,108,89,3,4),(38759,107,89,3,5),(38758,106,89,3,3),(38757,105,89,3,3),(38756,104,89,3,3),(38755,103,89,3,3),(38754,102,89,3,3),(38753,101,89,3,3),(38752,100,89,3,5),(38751,117,89,2,3),(38750,116,89,2,4),(38749,115,89,2,3),(38748,114,89,2,4),(38747,113,89,2,4),(38746,112,89,2,3),(38745,111,89,2,3),(38744,110,89,2,4),(38743,109,89,2,3),(38742,108,89,2,4),(38741,107,89,2,4),(38740,106,89,2,5),(38739,105,89,2,4),(38738,104,89,2,3),(38737,103,89,2,3),(38736,102,89,2,3),(38735,101,89,2,4),(38734,100,89,2,4),(40290,72,90,3,3),(40289,71,90,3,5),(40288,70,90,3,5),(40287,69,90,3,3),(40286,68,90,3,3),(40285,67,90,3,3),(40284,66,90,3,3),(40283,65,90,3,3),(40282,64,90,3,4),(40281,63,90,3,4),(40280,62,90,3,3),(40279,61,90,3,4),(40278,60,90,3,3),(40277,59,90,3,3),(40276,58,90,3,4),(40275,57,90,3,4),(40274,56,90,3,4),(40273,55,90,3,4),(40272,72,90,2,4),(40271,71,90,2,5),(40270,70,90,2,5),(40269,69,90,2,3),(40268,68,90,2,5),(40267,67,90,2,4),(40266,66,90,2,4),(40265,65,90,2,3),(40264,64,90,2,3),(40263,63,90,2,3),(40262,62,90,2,3),(40261,61,90,2,5),(40260,60,90,2,3),(40259,59,90,2,4),(40258,58,90,2,4),(40257,57,90,2,3),(40256,56,90,2,4),(40255,55,90,2,4),(40254,72,90,1,4),(40253,71,90,1,4),(40252,70,90,1,4),(40251,69,90,1,3),(40250,68,90,1,3),(40249,67,90,1,3),(40248,66,90,1,3),(40247,65,90,1,3),(40246,64,90,1,3),(40245,63,90,1,3),(40244,62,90,1,3),(40243,61,90,1,3),(40242,60,90,1,3),(40241,59,90,1,4),(40240,58,90,1,4),(40239,57,90,1,4),(40238,56,90,1,3),(40237,55,90,1,4),(40344,103,92,3,5),(40343,102,92,3,3),(40342,101,92,3,3),(40341,100,92,3,3),(40340,104,92,2,3),(40339,103,92,2,3),(40338,102,92,2,4),(40337,101,92,2,3),(40336,100,92,2,4),(40345,104,92,3,3),(41995,72,93,3,2),(41994,71,93,3,3),(41993,70,93,3,4),(41992,69,93,3,4),(41991,68,93,3,4),(41990,67,93,3,4),(41989,66,93,3,3),(41988,65,93,3,3),(41987,64,93,3,4),(41986,63,93,3,3),(41985,62,93,3,3),(41984,61,93,3,5),(41983,60,93,3,3),(41982,59,93,3,4),(41981,58,93,3,4),(41980,57,93,3,5),(41979,56,93,3,2),(41978,55,93,3,3),(41977,72,93,2,3),(41976,71,93,2,3),(41975,70,93,2,5),(41974,69,93,2,3),(41973,68,93,2,3),(41972,67,93,2,4),(41971,66,93,2,3),(41970,65,93,2,3),(41969,64,93,2,4),(41968,63,93,2,4),(41967,62,93,2,4),(41966,61,93,2,4),(41965,60,93,2,3),(41964,59,93,2,3),(41963,58,93,2,4),(41962,57,93,2,4),(41961,56,93,2,4),(41960,55,93,2,5),(41959,72,93,1,5),(41958,71,93,1,3),(41957,70,93,1,4),(41956,69,93,1,4),(41955,68,93,1,3),(41954,67,93,1,5),(41953,66,93,1,3),(41952,65,93,1,4),(41951,64,93,1,4),(41950,63,93,1,3),(41949,62,93,1,4),(41948,61,93,1,4),(41947,60,93,1,3),(41946,59,93,1,4),(41945,58,93,1,4),(41944,57,93,1,3),(41943,56,93,1,2),(41942,55,93,1,4),(42409,27,94,3,2),(42408,26,94,3,3),(42407,25,94,3,3),(42406,24,94,3,3),(42405,23,94,3,3),(42404,22,94,3,3),(42403,21,94,3,3),(42402,20,94,3,3),(42401,19,94,3,4),(42400,27,94,2,2),(42399,26,94,2,4),(42398,25,94,2,3),(42397,24,94,2,3),(42396,23,94,2,3),(42395,22,94,2,3),(42394,21,94,2,3),(42393,20,94,2,4),(42392,19,94,2,5),(42391,27,94,1,3),(42390,26,94,1,3),(42389,25,94,1,3),(42388,24,94,1,3),(42387,23,94,1,3),(42386,22,94,1,4),(42385,21,94,1,5),(42384,20,94,1,3),(42383,19,94,1,4),(42756,141,95,3,3),(42755,140,95,3,5),(42754,139,95,3,3),(42753,138,95,3,4),(42752,137,95,3,4),(42751,136,95,3,3),(42750,153,95,2,0),(42749,152,95,2,0),(42748,151,95,2,0),(42747,150,95,2,0),(42746,149,95,2,0),(42745,148,95,2,0),(42744,147,95,2,4),(42743,146,95,2,3),(42742,145,95,2,5),(42741,144,95,2,3),(42740,143,95,2,4),(42739,142,95,2,4),(42738,141,95,2,3),(42737,140,95,2,6),(42736,139,95,2,5),(42735,138,95,2,4),(42734,137,95,2,2),(42733,136,95,2,4),(42757,142,95,3,3),(42758,143,95,3,4),(42759,144,95,3,3),(42760,145,95,3,3),(42761,146,95,3,3),(42762,147,95,3,3),(42763,148,95,3,0),(42764,149,95,3,0),(42765,150,95,3,0),(42766,151,95,3,0),(42767,152,95,3,0),(42768,153,95,3,0),(43147,107,96,14,6),(43146,106,96,14,8),(43145,105,96,14,5),(43144,104,96,14,6),(43143,103,96,14,5),(43142,102,96,14,5),(43141,101,96,14,6),(43140,100,96,14,7),(43139,108,96,3,3),(43138,107,96,3,4),(43137,106,96,3,3),(43136,105,96,3,3),(43135,104,96,3,3),(43134,103,96,3,3),(43133,102,96,3,4),(43132,101,96,3,3),(43131,100,96,3,4),(43130,108,96,2,3),(43129,107,96,2,5),(43128,106,96,2,3),(43127,105,96,2,4),(43126,104,96,2,4),(43125,103,96,2,5),(43124,102,96,2,3),(43123,101,96,2,3),(43122,100,96,2,4),(43148,108,96,14,8);
/*!40000 ALTER TABLE "scores" ENABLE KEYS */;
UNLOCK TABLES;

--
-- Table structure for table "users"
--

DROP TABLE IF EXISTS "users";
CREATE TABLE "users" (
  "user_id" int(11) NOT NULL auto_increment,
  "firstName" varchar(50) default NULL,
  "lastName" varchar(50) default NULL,
  "userName" varchar(50) default NULL,
  "password" varchar(128) default NULL,
  "admin" tinyint(1) default NULL,
  PRIMARY KEY  ("user_id"),
  UNIQUE KEY "userName" ("userName")
);

--
-- Dumping data for table "users"
--

LOCK TABLES "users" WRITE;
/*!40000 ALTER TABLE "users" DISABLE KEYS */;
INSERT INTO "users" ("user_id", "firstName", "lastName", "userName", "password", "admin") VALUES (1,'Matt','Anderson','mattias','d41d8cd98f00b204e9800998ecf8427e',NULL),(2,'Mark','Anderson','pmark','d41d8cd98f00b204e9800998ecf8427e',NULL),(3,'Chad','Berkley','chad','d41d8cd98f00b204e9800998ecf8427e',NULL),(4,'Andrea','Berkley','andrea','d41d8cd98f00b204e9800998ecf8427e',NULL),(5,'Todd','Munson','tfm','4cb9c8a8048fd02294477fcb1a41191a',NULL),(6,'Alfred','','zectbumo','d41d8cd98f00b204e9800998ecf8427e',NULL),(7,'Heike','Schroeder','heikeys','2e905ce31abd0c1b3be40ac1d574bb60',NULL),(8,'Kelly','Lane','kooop','d41d8cd98f00b204e9800998ecf8427e',NULL),(9,'','','andrew','d41d8cd98f00b204e9800998ecf8427e',NULL),(10,'','','thomas','d41d8cd98f00b204e9800998ecf8427e',NULL),(11,'','','andy','d41d8cd98f00b204e9800998ecf8427e',NULL),(12,'','','Walt','d41d8cd98f00b204e9800998ecf8427e',NULL),(13,'Dan','Roix','dan','9180b4da3f0c7e80975fad685f7f134e',NULL),(14,'Paige','Lehmann','Paige','d41d8cd98f00b204e9800998ecf8427e',NULL);
/*!40000 ALTER TABLE "users" ENABLE KEYS */;
UNLOCK TABLES;
/*!40103 SET TIME_ZONE=@OLD_TIME_ZONE */;

/*!40101 SET SQL_MODE=@OLD_SQL_MODE */;
/*!40014 SET FOREIGN_KEY_CHECKS=@OLD_FOREIGN_KEY_CHECKS */;
/*!40014 SET UNIQUE_CHECKS=@OLD_UNIQUE_CHECKS */;
/*!40111 SET SQL_NOTES=@OLD_SQL_NOTES */;

-- Dump completed on 2009-12-29 19:38:42
